{"count":1,"self":8210.464768,"total":24642.7496546,"children":{"AgentSendState":{"count":5004601,"self":62.289689599999996,"total":512.1016849,"children":{"CollectObservations":{"count":15013815,"self":359.9652096,"total":359.9652127,"children":null},"CollectDiscreteActionMasks":{"count":15013815,"self":4.4629708,"total":4.4629708,"children":null},"AgentInfo.ToProto":{"count":15013815,"self":18.1602688,"total":85.3838133,"children":{"GenerateSensorData":{"count":15013815,"self":67.2235456,"total":67.2235443,"children":null}}}}},"DecideAction":{"count":5004601,"self":15759.681126399999,"total":15759.681246099999,"children":null},"AgentAct":{"count":5004601,"self":160.14444799999998,"total":160.28592089999998,"children":{"AgentInfo.ToProto":{"count":11868,"self":0.0402886,"total":0.1414677,"children":{"GenerateSensorData":{"count":11868,"self":0.1011791,"total":0.1011791,"children":null}}}}},"AgentInfo.ToProto":{"count":22332,"self":0.0741809,"total":0.2153665,"children":{"GenerateSensorData":{"count":22332,"self":0.1411856,"total":0.1411856,"children":null}}}},"gauges":{"ArcadeDriverTrackA.CumulativeReward":{"count":10659,"max":376.522217,"min":-10.5372238,"runningAverage":167.52948,"value":372.591248,"weightedAverage":356.209045},"ArcadeDriverTrackC.CumulativeReward":{"count":10784,"max":429.1769,"min":-9.818333,"runningAverage":189.745026,"value":423.348053,"weightedAverage":413.119629},"ArcadeDriverTrackB.CumulativeReward":{"count":12757,"max":412.13205,"min":-10.7304964,"runningAverage":145.683945,"value":405.2705,"weightedAverage":402.654175}},"metadata":{"timer_format_version":"0.1.0","start_time_seconds":"1623585980","unity_version":"2020.3.1f1","command_line_arguments":"C:\\Program Files\\Unity\\Hub\\Editor\\2020.3.1f1\\Editor\\Unity.exe -projectpath D:\/Projects\/Assessment_4_Racing_Game\/UnityProjectFiles\/KartProject -useHub -hubIPC -cloudEnvironment production -hubSessionId 644d83f0-cc25-11eb-a8c6-359352aa76e3 -accessToken TcFve-ZSRAfnb5U8TNCSXPJIlJVrzZcIZiVIdNJ4mAw00af","communication_protocol_version":"1.0.0","com.unity.ml-agents_version":"1.0.8","scene_name":"Track 1 Training","end_time_seconds":"1623610623"}}