{"count":1,"self":6977.4262272,"total":19536.0277317,"children":{"AgentSendState":{"count":3342451,"self":47.4317632,"total":380.72039229999996,"children":{"CollectObservations":{"count":12032838,"self":264.35169279999997,"total":264.351698,"children":null},"CollectDiscreteActionMasks":{"count":12032838,"self":3.5278359999999997,"total":3.5278362,"children":null},"AgentInfo.ToProto":{"count":12032838,"self":14.233563199999999,"total":65.40909529999999,"children":{"GenerateSensorData":{"count":12032838,"self":51.1755328,"total":51.1755328,"children":null}}}}},"DecideAction":{"count":3342451,"self":12055.8911488,"total":12055.8915563,"children":null},"AgentAct":{"count":3342451,"self":121.63776,"total":121.7643727,"children":{"AgentInfo.ToProto":{"count":8854,"self":0.0369689,"total":0.1266153,"children":{"GenerateSensorData":{"count":8854,"self":0.0896464,"total":0.0896464,"children":null}}}}},"AgentInfo.ToProto":{"count":16350,"self":0.070742,"total":0.22397029999999998,"children":{"GenerateSensorData":{"count":16350,"self":0.15322829999999998,"total":0.15322829999999998,"children":null}}}},"gauges":{"ArcadeDriverTrackC.CumulativeReward":{"count":7753,"max":424.917358,"min":-10.5408535,"runningAverage":204.4884,"value":304.4164,"weightedAverage":268.398254},"ArcadeDriverTrackA.CumulativeReward":{"count":7856,"max":375.93692,"min":-11.7876816,"runningAverage":179.945816,"value":372.8496,"weightedAverage":370.613068},"ArcadeDriverTrackB.CumulativeReward":{"count":9595,"max":407.639832,"min":-9.514305,"runningAverage":148.582443,"value":402.2979,"weightedAverage":396.432831}},"metadata":{"timer_format_version":"0.1.0","start_time_seconds":"1623332231","unity_version":"2020.3.1f1","command_line_arguments":"C:\\Program Files\\Unity\\Hub\\Editor\\2020.3.1f1\\Editor\\Unity.exe -projectpath D:\/Projects\/Assessment_4_Racing_Game\/UnityProjectFiles\/KartProject -useHub -hubIPC -cloudEnvironment production -hubSessionId bff6b040-c91a-11eb-a5ed-1b19b95dba66 -accessToken Z_i0RJ0c7OmWPU-IViTIw1z5mLSVAl_6AX6Cn3RjFEk00af","communication_protocol_version":"1.0.0","com.unity.ml-agents_version":"1.0.8","scene_name":"Track 1 Training","end_time_seconds":"1623351767"}}